<?xml version='1.0' encoding='UTF-8'?>
<package version="0.0.0" uuid="pepper-tablet-event-example">
 <names>
  <name lang="en_US">Pepper Tablet Event Example</name>
 </names>
 <supportedLanguages>
  <language>en_US</language>
  <language>ja_JP</language>
 </supportedLanguages>
 <descriptionLanguages>
  <language>en_US</language>
  <language>ja_JP</language>
 </descriptionLanguages>
 <contents>
  <behaviorContent path=".">
   <userRequestable/>
   <nature>interactive</nature>
   <permissions/>
  </behaviorContent>
 </contents>
</package>
